"travel_has_visited", "Orlando"
"travel_has_visited", "Sydney"
"travel_has_visited", "London"
"travel_has_visited", "Paris"
"travel_has_visited", "Venice"
"travel_has_visited", "Manhattan"
"travel_has_visited", "Cape Town"
"travel_has_visited", "Las Vegas"
"travel_has_visited", "Rome"
"travel_has_visited", "Great Barrier Reef"
"travel_has_visited", "Rio De Janeiro"
"travel_has_visited", "Maldives"
"travel_has_visited", "Hawaii"
"travel_has_visited", "Grand Canyon"
"travel_has_visited", "South Island"
"travel_has_visited", "San Diego"
"travel_has_visited", "San Francisco"
"travel_has_visited", "Niagara Falls - Canada Side"
"travel_has_visited", "Los Angeles"
"travel_has_visited", "Dubai"
"travel_has_visited", "Auckland"
"travel_has_visited", "Singapore"
"travel_has_visited", "Seychelles"
"travel_has_visited", "Bali"
"travel_has_visited", "Durban"
"travel_has_visited", "Bangkok"
"travel_has_visited", "Cairns"
"travel_has_visited", "Iceland"
"travel_has_visited", "Whitsundays"
"travel_has_visited", "Costa Del Sol"
"travel_has_visited", "Antigua & Barbuda"
"travel_has_visited", "Melbourne"
"travel_has_visited", "Giza"
"travel_has_visited", "Mallorca"
"travel_has_visited", "Lake District"
"travel_has_visited", "Barbados"
"travel_has_visited", "Bahamas"
"travel_has_visited", "Abu Simbel"
"travel_has_visited", "Bora Bora"
"travel_has_visited", "Sharm El Sheikh"
"travel_has_visited", "New York State"
"travel_has_visited", "Algarve"
"travel_has_visited", "Madrid"
"travel_has_visited", "Zermatt"
"travel_has_visited", "Victoria Falls"
"travel_has_visited", "Marbella"
"travel_has_visited", "Chichen Itza"
"travel_has_visited", "Masai Mara"
"travel_has_visited", "Disney World Florida"
"travel_has_visited", "Florence"
"travel_has_visited", "Puerto Banus"
"travel_has_visited", "Toronto"
"travel_has_visited", "Great Wall"
"travel_has_visited", "Agra"
"travel_has_visited", "Edinburgh"
"travel_has_visited", "Menorca"
"travel_has_visited", "Monaco"
"travel_has_visited", "Luxor"
"travel_has_visited", "Hong Kong"
"travel_has_visited", "Koh Samui"
"travel_has_visited", "Banff"
"travel_has_visited", "Sorrento"
"travel_has_visited", "Key West"
"travel_has_visited", "Cancun"
"travel_has_visited", "Nice"
"travel_has_visited", "Machu Picchu"
"travel_has_visited", "Yosemite National Park"
"travel_has_visited", "Oahu"
"travel_has_visited", "Guam"
"travel_has_visited", "Dublin Region"
"travel_has_visited", "Florida Keys"
"travel_has_visited", "Vancouver"
"travel_has_visited", "La Digue"
"travel_has_visited", "Ayers Rock"
"travel_has_visited", "Cayman Islands"
"travel_has_visited", "Naples"
"travel_has_visited", "St Pete Beach"
"travel_has_visited", "Amritsar"
"travel_has_visited", "Ibiza"
"travel_has_visited", "Barcelona"
"travel_has_visited", "Adelaide"
"travel_has_visited", "Airlie Beach"
"travel_has_visited", "Benidorm"
"travel_has_visited", "Buenos Aires"
"travel_has_visited", "Prague"
"travel_has_visited", "Aberdare National Park"
"travel_has_visited", "Cuba"
"travel_has_visited", "Paphos"
"travel_has_visited", "Valley of the Kings"
"travel_has_visited", "Galapagos Islands"
"travel_has_visited", "Isle of Man"
"travel_has_visited", "Kusadasi"
"travel_has_visited", "Chamonix"
"travel_has_visited", "Beijing"
"travel_has_visited", "Amsterdam"
"travel_has_visited", "Cannes"
"travel_has_visited", "Bodrum"
"travel_has_visited", "Courchevel"
"travel_has_visited", "Berlin"
"travel_wants_to_visit", "France"
"travel_wants_to_visit", "United States"
"travel_wants_to_visit", "Spain"
"travel_wants_to_visit", "Italy"
"travel_wants_to_visit", "China"
"travel_wants_to_visit", "United Kingdom"
"travel_wants_to_visit", "Russia"
"travel_wants_to_visit", "Mexico"
"travel_wants_to_visit", "Canada"
"travel_wants_to_visit", "Germany"
"travel_wants_to_visit", "Austria"
"travel_wants_to_visit", "Poland"
"travel_wants_to_visit", "Hungary"
"travel_wants_to_visit", "Greece"
"travel_wants_to_visit", "Morocco"
"travel_wants_to_visit", "South Africa"
"travel_wants_to_visit", "Tunisia"
"travel_wants_to_visit", "Algeria"
"travel_wants_to_visit", "Mozambique"
"travel_wants_to_visit", "Zimbabwe"
"travel_wants_to_visit", "Kenya"
"travel_wants_to_visit", "Uganda"
"travel_wants_to_visit", "Saudi Arabia"
"travel_wants_to_visit", "United Arab Emirates"
"travel_wants_to_visit", "Egypt"
"travel_wants_to_visit", "Iran"
"travel_wants_to_visit", "Jordan"
"travel_wants_to_visit", "Israel"
"travel_wants_to_visit", "Brazil"
"travel_wants_to_visit", "Argentina"
"travel_wants_to_visit", "Colombia"
"travel_wants_to_visit", "Chile"
"travel_wants_to_visit", "Peru"
"travel_wants_to_visit", "Hong Kong"
"travel_wants_to_visit", "India"
"travel_wants_to_visit", "Thailand"
"travel_wants_to_visit", "South Korea"
"travel_wants_to_visit", "Japan"
"travel_wants_to_visit", "Indonesia"
"travel_wants_to_visit", "Turkey"
"movie_director", "Christopher Nolan"
"movie_director", "Steven Spielberg"
"movie_director", "Quentin Tarantino"
"movie_director", "Martin Scorsese"
"movie_director", "David Fincher"
"movie_director", "Stanley Kubrick"
"movie_director", "Robert Zemeckis"
"movie_director", "Ridley Scott"
"movie_director", "Francis Ford Coppola"
"movie_director", "Clint Eastwood"
"movie_director", "Frank Darabont"
"movie_director", "Joel Coen"
"movie_director", "Alfred Hitchcock"
"movie_director", "Sam Mendes"
"movie_director", "Danny Boyle"
"movie_director", "James Cameron"
"movie_director", "Ron Howard"
"movie_director", "Tim Burton"
"movie_director", "Darren Aronofsky"
"movie_director", "Roman Polanski"
"movie_director", "Alejandro G. Iñárritu"
"movie_director", "Woody Allen"
"movie_director", "Sergio Leone"
"movie_director", "Steven Soderbergh"
"movie_director", "Chris Columbus"
"movie_director", "Rob Reiner"
"movie_director", "Tony Scott"
"movie_director", "Denis Villeneuve"
"movie_director", "Peter Weir"
"movie_director", "Terry Gilliam"
"movie_director", "David O. Russell"
"movie_director", "Jonathan Demme"
"movie_director", "Mel Gibson"
"movie_director", "Gore Verbinski"
"movie_director", "Michael Mann"
"movie_director", "Milos Forman"
"movie_director", "Wes Anderson"
"movie_director", "Guy Ritchie"
"movie_director", "Luc Besson"
"movie_director", "Sidney Lumet"
"movie_director", "Richard Linklater"
"movie_director", "M. Night Shyamalan"
"movie_director", "Ang Lee"
"movie_director", "Todd Phillips"
"movie_director", "Paul Thomas Anderson"
"movie_director", "Tony Kaye"
"movie_director", "Bryan Singer"
"movie_director", "Lana Wachowski"
"movie_director", "Lilly Wachowski"
"movie_director", "Brian De Palma"
"movie_director", "John Lasseter"
"movie_director", "Oliver Stone"
"movie_director", "Gus Van Sant"
"movie_director", "George Lucas"
"movie_director", "Peter Jackson"
"movie_director", "Ben Affleck"
"movie_director", "Damien Chazelle"
"movie_director", "Tom Hooper"
"movie_director", "Paul Greengrass"
"movie_director", "James McTeigue"
"movie_director", "Irvin Kershner"
"movie_director", "Billy Wilder"
"movie_director", "Alfonso Cuarón"
"movie_director", "Jason Reitman"
"movie_director", "Morten Tyldum"
"movie_director", "Spike Jonze"
"movie_director", "Fernando Meirelles"
"movie_director", "Baz Luhrmann"
"movie_director", "Gary Ross"
"movie_director", "Michel Gondry"
"movie_director", "Kathryn Bigelow"
"movie_director", "David Lynch"
"movie_director", "Barry Levinson"
"movie_director", "Steve McQueen"
"movie_director", "Charles Chaplin"
"movie_director", "Guillermo del Toro"
"movie_director", "Michael Bay"
"movie_director", "John McTiernan"
"movie_director", "Shane Black"
"movie_director", "Akira Kurosawa"
"movie_director", "Nick Cassavetes"
"movie_director", "James Mangold"
"movie_director", "Edward Zwick"
"movie_director", "Neil Burger"
"movie_director", "Mike Newell"
"movie_director", "Martin McDonagh"
"movie_director", "Olivier Nakache"
"movie_director", "Éric Toledano"
"movie_director", "Victor Fleming"
"movie_director", "Tom Tykwer"
"movie_director", "Louis Leterrier"
"movie_director", "Paul Haggis"
"movie_director", "Spike Lee"
"movie_director", "Harold Ramis"
"movie_director", "Duncan Jones"
"movie_director", "Marc Forster"
"movie_director", "Rob Marshall"
"movie_director", "Francis Lawrence"
"movie_director", "Richard Kelly"
"movie_director", "Wolfgang Petersen"
"movie_actor", "Robert De Niro"
"movie_actor", "Jack Nicholson"
"movie_actor", "Marlon Brando"
"movie_actor", "Denzel Washington"
"movie_actor", "Clark Gable"
"movie_actor", "Tom Hanks"
"movie_actor", "Humphrey Bogart"
"movie_actor", "Daniel Day-Lewis"
"movie_actor", "Sidney Poitier"
"movie_actor", "Gregory Peck"
"movie_actor", "Leonardo DiCaprio"
"movie_actor", "Spencer Tracy"
"movie_actor", "Shah Rukh Khan"
"movie_actor", "Cary Grant"
"movie_actor", "Laurence Olivier"
"movie_actor", "Steve McQueen"
"movie_actor", "James Stewart"
"movie_actor", "Bruce Lee"
"movie_actor", "Henry Fonda"
"movie_actor", "Morgan Freeman"
"movie_actor", "James Cagney"
"movie_actor", "Johnny Depp"
"movie_actor", "Charles Chaplin"
"movie_actor", "Montgomery Clift"
"movie_actor", "Harrison Ford"
"movie_actor", "Katharine Hepburn"
"movie_actor", "Meryl Streep"
"movie_actor", "Ingrid Bergman"
"movie_actor", "Elizabeth Taylor"
"movie_actor", "Bette Davis"
"movie_actor", "Cate Blanchett"
"movie_actor", "Audrey Hepburn"
"movie_actor", "Kate Winslet"
"movie_actor", "Halle Berry"
"movie_actor", "Sophia Loren"
"movie_actor", "Vivien Leigh"
"movie_actor", "Marilyn Monroe"
"movie_actor", "Viola Davis"
"movie_actor", "Julia Roberts"
"movie_actor", "Jodie Foster"
"movie_actor", "Judy Garland"
"movie_actor", "Catherine Deneuve"
"movie_actor", "Grace Kelly"
"movie_actor", "Helen Mirren"
"movie_actor", "Angela Bassett"
"movie_actor", "Greta Garbo"
"movie_actor", "Olivia de Havilland"
"movie_actor", "Setsuko Hara"
"movie_actor", "Julie Andrews"
"movie_actor", "Isabelle Huppert"
"movie_actor", "James Dean"
"movie_actor", "Kirk Douglas"
"movie_actor", "Marcello Mastroianni"
"movie_actor", "Al Pacino"
"movie_actor", "Gene Kelly"
"movie_actor", "Will Smith"
"movie_actor", "Toshirô Mifune"
"movie_actor", "Paul Newman"
"movie_actor", "John Wayne"
"movie_actor", "Mohanlal"
"movie_actor", "Gary Cooper"
"movie_actor", "Anthony Hopkins"
"movie_actor", "Gérard Depardieu"
"movie_actor", "Forest Whitaker"
"movie_actor", "Dustin Hoffman"
"movie_actor", "Charlton Heston"
"movie_actor", "Tom Cruise"
"movie_actor", "Samuel L. Jackson"
"movie_actor", "Peter O'Toole"
"movie_actor", "Robin Williams"
"movie_actor", "Eddie Murphy"
"movie_actor", "Antonio Banderas"
"movie_actor", "Don Cheadle"
"movie_actor", "Omar Sharif"
"movie_actor", "Heath Ledger"
"movie_actor", "Diane Keaton"
"movie_actor", "Rita Hayworth"
"movie_actor", "Natalie Wood"
"movie_actor", "Joan Crawford"
"movie_actor", "Susan Sarandon"
"movie_actor", "Glenn Close"
"movie_actor", "Joan Fontaine"
"movie_actor", "Julianne Moore"
"movie_actor", "Whoopi Goldberg"
"movie_actor", "Angelina Jolie"
"movie_actor", "Jane Fonda"
"movie_actor", "Liv Ullmann"
"movie_actor", "Natalie Portman"
"movie_actor", "Sandra Bullock"
"movie_actor", "Deborah Kerr"
"movie_actor", "Emma Thompson"
"movie_actor", "Michelle Pfeiffer"
"movie_actor", "Faye Dunaway"
"movie_actor", "Penélope Cruz"
"movie_actor", "Nicole Kidman"
"movie_actor", "Salma Hayek"
"movie_actor", "Sigourney Weaver"
"movie_actor", "Kathy Bates"
"movie_actor", "Lucy Liu"
"movie_actor", "Amy Adams"
"music_genre", "Blues"
"music_genre", "Classical"
"music_genre", "Country"
"music_genre", "Electronic"
"music_genre", "Folk"
"music_genre", "Hip-hop"
"music_genre", "Jazz"
"music_genre", "Reggae"
"music_genre", "Rock"
"music_genre", "Metal"
"music_genre", "Rap"
"music_genre", "Latin"
"music_genre", "Funk"
"movie_genre", "action"
"movie_genre", "adventure"
"movie_genre", "animation"
"movie_genre", "comedy"
"movie_genre", "crime"
"movie_genre", "documentary"
"movie_genre", "drama"
"movie_genre", "family"
"movie_genre", "fantasy"
"movie_genre", "history"
"movie_genre", "horror"
"movie_genre", "music"
"movie_genre", "mystery"
"movie_genre", "romance"
"movie_genre", "science fiction"
"movie_genre", "tv movie"
"movie_genre", "thriller"
"movie_genre", "war"
"movie_genre", "western"
"music_artist", "The Beatles"
"music_artist", "The Rolling Stones"
"music_artist", "Bob Dylan"
"music_artist", "David Bowie"
"music_artist", "Led Zeppelin"
"music_artist", "Bruce Springsteen"
"music_artist", "Prince"
"music_artist", "The Who"
"music_artist", "Elvis Presley"
"music_artist", "Jimi Hendrix"
"music_artist", "The Beach Boys"
"music_artist", "R.E.M."
"music_artist", "The Velvet Underground"
"music_artist", "Marvin Gaye"
"music_artist", "U2"
"music_artist", "The Clash"
"music_artist", "Nirvana"
"music_artist", "Radiohead"
"music_artist", "Neil Young"
"music_artist", "Stevie Wonder"
"music_artist", "Pink Floyd"
"music_artist", "Elvis Costello"
"music_artist", "Bob Marley and The Wailers"
"music_artist", "Van Morrison"
"music_artist", "Aretha Franklin"
"music_artist", "Talking Heads"
"music_artist", "The Smiths"
"music_artist", "The Byrds"
"music_artist", "Public Enemy"
"music_artist", "The Doors"
"music_artist", "Miles Davis"
"music_artist", "James Brown"
"music_artist", "The Kinks"
"music_artist", "Beastie Boys"
"music_artist", "Creedence Clearwater Revival"
"music_artist", "Otis Redding"
"music_artist", "Michael Jackson"
"music_artist", "Beck"
"music_artist", "Sex Pistols"
"music_artist", "Sly and the Family Stone"
"music_artist", "Roxy Music"
"music_artist", "Johnny Cash"
"music_artist", "John Lennon"
"music_artist", "Pixies"
"music_artist", "Joni Mitchell"
"music_artist", "Blur"
"music_artist", "Ramones"
"music_artist", "Madonna"
"music_artist", "Lou Reed"
"music_artist", "Sonic Youth"
"music_artist", "Simon and Garfunkel"
"music_artist", "Joy Division"
"music_artist", "Oasis"
"music_artist", "OutKast"
"music_artist", "The Band"
"music_artist", "New Order"
"music_artist", "Ray Charles"
"music_artist", "The Police"
"music_artist", "Kraftwerk"
"music_artist", "Al Green"
"music_artist", "Steely Dan"
"music_artist", "John Coltrane"
"music_artist", "P J Harvey"
"music_artist", "Björk"
"music_artist", "Massive Attack"
"music_artist", "The Jam"
"music_artist", "Chuck Berry"
"music_artist", "The Stooges"
"music_artist", "Tom Waits"
"music_artist", "The White Stripes"
"music_artist", "Eminem"
"music_artist", "Frank Sinatra"
"music_artist", "The Cure"
"music_artist", "Parliament/Funkadelic"
"music_artist", "Metallica"
"music_artist", "Brian Eno"
"music_artist", "Buddy Holly & The Crickets"
"music_artist", "Captain Beefheart and His Magic Band"
"music_artist", "Frank Zappa"
"music_artist", "Black Sabbath"
"music_artist", "Fleetwood Mac"
"music_artist", "Guns 'n' Roses"
"music_artist", "Nick Cave"
"music_artist", "Primal Scream"
"music_artist", "Pavement"
"music_artist", "Missy Misdemeanor Elliott"
"music_artist", "Patti Smith"
"music_artist", "Little Richard"
"music_artist", "Pulp"
"music_artist", "The Eagles"
"music_artist", "Paul Simon"
"music_artist", "Elton John"
"music_artist", "Run-D.M.C."
"music_artist", "Blondie"
"music_artist", "Leonard Cohen"
"music_artist", "Grateful Dead"
"music_artist", "Nick Drake"
"music_artist", "The Temptations"
"music_artist", "Pet Shop Boys"
"music_artist", "Franz Ferdinand"
"music_artist", "T. Rex"
"music_artist", "Hüsker Dü"
"music_artist", "Thelonious Monk"
"music_artist", "Wilco"
"music_artist", "The Smashing Pumpkins"
"music_artist", "Charles Mingus"
"music_artist", "Rod Stewart"
"music_artist", "Pearl Jam"
"music_artist", "Sam Cooke"
"music_artist", "Aerosmith"
"music_artist", "Duke Ellington"
"music_artist", "Queen"
"music_artist", "The Everly Brothers"
"music_artist", "Randy Newman"
"music_artist", "Muddy Waters"
"music_artist", "Cream"
"music_artist", "The Jesus and Mary Chain"
"music_artist", "The Strokes"
"music_artist", "The Chemical Brothers"
"music_artist", "The Specials"
"music_artist", "The Stone Roses"
"music_artist", "Smokey Robinson and The Miracles"
"music_artist", "Kate Bush"
"music_artist", "Kanye West"
"music_artist", "Pretenders"
"music_artist", "My Bloody Valentine"
"music_artist", "Jefferson Airplane"
"music_artist", "Big Star"
"music_artist", "Grandmaster Flash"
"music_artist", "Roy Orbison"
"music_artist", "Television"
"music_artist", "Deep Purple"
"music_artist", "Jay-Z"
"music_artist", "Janis Joplin/Big Brother and The Holding Company"
"music_artist", "The Replacements"
"music_artist", "Coldplay"
"music_artist", "The Flaming Lips"
"music_artist", "Peter Gabriel"
"music_artist", "Sonny Rollins"
"music_artist", "De La Soul"
"music_artist", "Ornette Coleman"
"music_artist", "The Streets"
"music_artist", "The Verve"
"music_artist", "Curtis Mayfield"
"music_artist", "Red Hot Chili Peppers"
"music_artist", "Santana"
"music_artist", "Morrissey"
"music_artist", "Derek and The Dominos"
"music_artist", "The Supremes"
"music_artist", "Dr. Dre"
"music_artist", "Manic Street Preachers"
"music_artist", "Yo La Tengo"
"music_artist", "XTC"
"music_artist", "Lynyrd Skynyrd"
"music_artist", "Jackson Browne"
"music_artist", "Depeche Mode"
"music_artist", "Carole King"
"music_artist", "Hank Williams"
"music_artist", "Weezer"
"music_artist", "Ella Fitzgerald"
"music_artist", "Love"
"music_artist", "Chic"
"music_artist", "Jerry Lee Lewis"
"music_artist", "Nine Inch Nails"
"music_artist", "Portishead"
"music_artist", "Can"
"music_artist", "A Tribe Called Quest"
"music_artist", "King Crimson"
"music_artist", "The Prodigy"
"music_artist", "Herbie Hancock"
"music_artist", "Queens of the Stone Age"
"music_artist", "Van Halen"
"music_artist", "Suede"
"music_artist", "The Four Tops"
"music_artist", "LL Cool J"
"music_artist", "Eric B. & Rakim"
"music_artist", "Dusty Springfield"
"music_artist", "Echo and the Bunnymen"
"music_artist", "Underworld"
"music_artist", "The Bee Gees"
"music_artist", "The Allman Brothers Band"
"music_artist", "Public Image Ltd."
"music_artist", "Wire"
"music_artist", "Tom Petty"
"music_artist", "Happy Mondays"
"music_artist", "Iggy Pop"
"music_artist", "N.W.A."
"music_artist", "Elliott Smith"
"music_artist", "Motörhead"
"music_artist", "The Isley Brothers"
"music_artist", "Daft Punk"
"music_artist", "Bo Diddley"
"music_artist", "Gram Parsons"
"music_artist", "Soundgarden"
"music_artist", "Notorious B.I.G."
"music_artist", "Belle and Sebastian"
"music_artist", "Jimmy Cliff"
"music_artist", "Howlin' Wolf"
"sports_indiv_sport", "Swimming‎"
"sports_indiv_sport", "Running"
"sports_indiv_sport", "Skiing‎"
"sports_indiv_sport", "Bicycling"
"sports_indiv_sport", "Tennis"
"sports_indiv_sport", "Gymnastics‎"
"sports_indiv_sport", "Track and Field‎"
"sports_indiv_sport", "Surfing‎"
"sports_indiv_sport", "Snowboarding‎"
"sports_indiv_sport", "Climbing"
"sports_indiv_sport", "Kayaking"
"sports_indiv_sport", "Archery"
"sports_indiv_sport", "Parkour"
"sports_indiv_sport", "Golf‎"
"sports_indiv_sport", "Skateboarding"
"sports_indiv_sport", "Ice Skating"
"sports_indiv_sport", "Boxing"
"sports_indiv_sport", "Dance"
"sports_indiv_sport", "Jogging"
"sports_indiv_sport", "Rollerblading"
"sports_indiv_sport", "Weightlifting‎"
"sports_indiv_sport", "Bowling‎"
"sports_indiv_sport", "Martial Arts‎"
"sports_indiv_sport", "Mountain Biking"
"sports_indiv_sport", "Badminton"
"sports_indiv_sport", "Trampolining"
"sports_indiv_sport", "Diving"
"sports_indiv_sport", "Table Tennis"
"sports_indiv_sport", "Darts‎"
"sports_indiv_sport", "Triathlon"
"sports_indiv_sport", "Canoeing"
"sports_indiv_sport", "Motocross"
"sports_indiv_sport", "CrossFit"
"sports_indiv_sport", "Wakeboarding"
"sports_indiv_sport", "Equine Sports"
"sports_indiv_sport", "Archery"
"sports_indiv_sport", "Surfing"
"sports_indiv_sport", "Ice skating"
"sports_indiv_sport", "Fencing"
"sports_indiv_sport", "Nordic Walking"
"sports_indiv_sport", "Pole Dancing"
"sports_indiv_sport", "Track cycling"
"sports_indiv_sport", "Mountaineering"
"sports_indiv_sport", "Judo"
"sports_indiv_sport", "Wrestling‎"
"sports_indiv_sport", "Dancing"
"sports_indiv_sport", "Taekwondo"
"sports_indiv_sport", "Karate"
"sports_indiv_sport", "Figure skating"
"sports_indiv_sport", "Skateboarding"
"sports_indiv_sport", "Chess"
"sports_indiv_sport", "Fencing‎"
"sports_indiv_sport", "Cross Country Skiing"
"sports_indiv_sport", "Speed skating"
"sports_team_sport", "Soccer"
"sports_team_sport", "Beach"
"sports_team_sport", "Futsal"
"sports_team_sport", "Football"
"sports_team_sport", "Basketball"
"sports_team_sport", "Korfball"
"sports_team_sport", "Netball"
"sports_team_sport", "Handball"
"sports_team_sport", "Beach handball"
"sports_team_sport", "Baseball"
"sports_team_sport", "Cricket"
"sports_team_sport", "Kickball"
"sports_team_sport", "Softball"
"sports_team_sport", "Lacrosse"
"sports_team_sport", "Field hockey"
"sports_team_sport", "Ice hockey"
"sports_team_sport", "Polo"
"sports_team_sport", "Beach volleyball"
"sports_team_sport", "Fistball"
"sports_team_sport", "Volleyball"
"sports_team_sport", "Curling"
"sports_team_sport", "Frisbee"
"sports_team_sport", "Water polo"
"movie_fav_movie", "The Chaos Class"
"movie_fav_movie", "The Mountain 2"
"movie_fav_movie", "Aynabaji"
"movie_fav_movie", "Wheels"
"movie_fav_movie", "The Shawshank Redemption"
"movie_fav_movie", "CM101MMXI Fundamentals"
"movie_fav_movie", "The Godfather"
"movie_fav_movie", "O.J. Made in America"
"movie_fav_movie", "The Dark Knight"
"movie_fav_movie", "Tosun Pasa"
"movie_fav_movie", "The Foster Brothers"
"movie_fav_movie", "The Chaos Class Failed the Class"
"movie_fav_movie", "The Marathon Family"
"movie_fav_movie", "The Godfather Part 2"
"movie_fav_movie", "The Lord of the Rings The Return of the King"
"movie_fav_movie", "Pulp Fiction"
"movie_fav_movie", "Schindler's List"
"movie_fav_movie", "Who's Singin' Over There?"
"movie_fav_movie", "The Good
"movie_fav_movie", "12 Angry Men"
"movie_fav_movie", "Ratsasan"
"movie_fav_movie", "96"
"movie_fav_movie", "Avengers Endgame"
"movie_fav_movie", "Drishyam"
"movie_fav_movie", "Inception"
"movie_fav_movie", "Anbe Sivam"
"movie_fav_movie", "Saban
"movie_fav_movie", "The Chaos Class Is Waking Up"
"movie_fav_movie", "Fight Club"
"movie_fav_movie", "The Lord of the Rings The Fellowship of the Ring"
"movie_fav_movie", "Forrest Gump"
"movie_fav_movie", "Nayakan"
"movie_fav_movie", "Anand"
"movie_fav_movie", "Ayla The Daughter of War"
"movie_fav_movie", "Vikram Vedha"
"movie_fav_movie", "Earthlings"
"movie_fav_movie", "The Girl with the Red Scarf"
"movie_fav_movie", "The King of the Street Cleaners"
"movie_fav_movie", "Feyzo
"movie_fav_movie", "The Chaos Class Is on Vacation"
"movie_fav_movie", "The Broken Landlord"
"movie_fav_movie", "The Lord of the Rings The Two Towers"
"movie_fav_movie", "The Matrix"
"movie_fav_movie", "Pretty Village
"movie_fav_movie", "Goodfellas"
"movie_fav_movie", "Star Wars Episode 5 The Empire Strikes Back"
"movie_fav_movie", "One Flew Over the Cuckoo's Nest"
"movie_fav_movie", "Harakiri"
"movie_fav_movie", "Seven Samurai"
"movie_fav_movie", "Uri The Surgical Strike"
"movie_fav_movie", "The Stage"
"movie_fav_movie", "Senna"
"movie_fav_movie", "Dear Zachary A Letter to a Son About His Father"
"movie_fav_movie", "Home"
"movie_fav_movie", "Interstellar"
"movie_fav_movie", "Black Friday"
"movie_fav_movie", "City of God"
"movie_fav_movie", "Spirited Away"
"movie_fav_movie", "Saving Private Ryan"
"movie_fav_movie", "The Green Mile"
"movie_fav_movie", "Life Is Beautiful"
"movie_fav_movie", "The Usual Suspects"
"movie_fav_movie", "Se7en"
"movie_fav_movie", "Léon The Professional"
"movie_fav_movie", "Baraka"
"movie_fav_movie", "The Silence of the Lambs"
"movie_fav_movie", "Gol Maal"
"movie_fav_movie", "Star Wars Episode 4 A New Hope"
"movie_fav_movie", "Operation 'Y' and Other Shurik's Adventures"
"movie_fav_movie", "It's a Wonderful Life"
"movie_fav_movie", "Capernaum"
"movie_fav_movie", "Andhadhun"
"movie_fav_movie", "Dangal"
"movie_fav_movie", "Thani Oruvan"
"movie_fav_movie", "Spider-Man Into the Spider-Verse"
"movie_fav_movie", "RangiTaranga"
"movie_fav_movie", "Avengers Infinity War"
"movie_fav_movie", "Whiplash"
"movie_fav_movie", "The Intouchables"
"movie_fav_movie", "Samsara"
"movie_fav_movie", "The Prestige"
"movie_fav_movie", "The Lizard"
"movie_fav_movie", "The Departed"
"movie_fav_movie", "The Best of Youth"
"movie_fav_movie", "Philanthropy"
"movie_fav_movie", "The Pianist"
"movie_fav_movie", "Memento"
"movie_fav_movie", "Gladiator"
"movie_fav_movie", "American History X"
"movie_fav_movie", "The Lion King"
"movie_fav_movie", "Terminator 2 Judgment Day"
"movie_fav_movie", "Cinema Paradiso"
"movie_fav_movie", "Grave of the Fireflies"
"movie_fav_movie", "Back to the Future"
"movie_fav_movie", "Stop Making Sense"
"movie_fav_movie", "Jaane Bhi Do Yaaro"
"movie_fav_movie", "Raiders of the Lost Ark"
"movie_fav_movie", "Apocalypse Now"
"movie_fav_movie", "Alien"
"movie_fav_movie", "Once Upon a Time in the West"
"movie_fav_movie", "The Diamond Arm"
"movie_fav_movie", "Woman in the Dunes"
"movie_fav_movie", "Le Trou"
"movie_fav_movie", "Psycho"
"movie_fav_movie", "Pather Panchali"
"movie_fav_movie", "Rear Window"
"movie_fav_movie", "Casablanca"
"movie_fav_movie", "The Great Dictator"
"movie_fav_movie", "Modern Times"
"movie_fav_movie", "City Lights"
"movie_fav_movie", "They Shall Not Grow Old"
"movie_fav_movie", "Won't You Be My Neighbor?"
"movie_fav_movie", "Arjun Reddy"
"movie_fav_movie", "Your Name."
"movie_fav_movie", "Winter on Fire Ukraine's Fight for Freedom"
"movie_fav_movie", "The Salt of the Earth"
"movie_fav_movie", "Gully Boy"
"movie_fav_movie", "Coco"
"movie_fav_movie", "Lucia"
"movie_fav_movie", "Django Unchained"
"movie_fav_movie", "The Dark Knight Rises"
"movie_fav_movie", "The Cove"
"movie_fav_movie", "3 Idiots"
"movie_fav_movie", "Like Stars on Earth"
"movie_fav_movie", "WALL·E"
"movie_fav_movie", "My Father and My Son"
"movie_fav_movie", "The Lives of Others"
"movie_fav_movie", "Oldboy"
"movie_fav_movie", "American Beauty"
"movie_fav_movie", "Princess Mononoke"
"movie_fav_movie", "Braveheart"
"movie_fav_movie", "Aliens"
"movie_fav_movie", "Once Upon a Time in America"
"movie_fav_movie", "Das Boot"
"movie_fav_movie", "The Shining"
"movie_fav_movie", "Lion of the Desert"
"movie_fav_movie", "The Pinchcliffe Grand Prix"
"movie_fav_movie", "Ivan Vasilievich Back to the Future"
"movie_fav_movie", "High and Low"
"movie_fav_movie", "Dr. Strangelove or How I Learned to Stop Worrying and Love the Bomb"
"movie_fav_movie", "Witness for the Prosecution"
"movie_fav_movie", "Paths of Glory"
"movie_fav_movie", "Sansho the Bailiff"
"movie_fav_movie", "Sunset Boulevard"
"movie_fav_movie", "Man with a Movie Camera"
"movie_fav_movie", "Tumbbad"
"movie_fav_movie", "K.G.F Chapter 1"
"movie_fav_movie", "Green Book"
"movie_fav_movie", "John Wick Chapter 3 Parabellum"
"movie_fav_movie", "Before the Flood"
"movie_fav_movie", "Baahubali 2 The Conclusion"
"movie_fav_movie", "Premam"
"movie_fav_movie", "Drishyam"
"movie_fav_movie", "Bangalore Days"
"movie_fav_movie", "The Look of Silence"
"movie_fav_movie", "Cowspiracy The Sustainability Secret"
"movie_fav_movie", "1 Nenokkadine"
"movie_fav_movie", "Vishwaroopam"
"movie_fav_movie", "Shahid"
"movie_fav_movie", "The Hunt"
"movie_fav_movie", "A Separation"
"movie_fav_movie", "Inside Job"
"movie_fav_movie", "Montevideo Taste of a Dream"
"movie_fav_movie", "Incendies"
"movie_fav_movie", "Athadu"
"movie_fav_movie", "Khosla Ka Ghosla!"
"movie_fav_movie", "Toy Story 3"
"movie_fav_movie", "Swades"
"movie_fav_movie", "Inglourious Basterds"
"movie_fav_movie", "Eternal Sunshine of the Spotless Mind"
"movie_fav_movie", "Amélie"
"movie_fav_movie", "Snatch"
"movie_fav_movie", "Requiem for a Dream"
"movie_fav_movie", "Innocence"
"movie_fav_movie", "L.A. Confidential"
"movie_fav_movie", "Good Will Hunting"
"movie_fav_movie", "Children of Heaven"
"movie_fav_movie", "Paradise Lost The Child Murders at Robin Hood Hills"
"movie_fav_movie", "The Bandit"
"movie_fav_movie", "Toy Story"
"movie_fav_movie", "To Live"
"movie_fav_movie", "Hoop Dreams"
"movie_fav_movie", "Reservoir Dogs"
"movie_fav_movie", "Close-Up"
"movie_fav_movie", "A Short Film About Love"
"movie_fav_movie", "Full Metal Jacket"
"movie_fav_movie", "Amadeus"
"movie_fav_movie", "Scarface"
"movie_fav_movie", "Star Wars Episode 6 Return of the Jedi"
"movie_fav_movie", "Koyaanisqatsi"
"movie_fav_movie", "Autumn Sonata"
"movie_fav_movie", "Taxi Driver"
"movie_fav_movie", "Monty Python and the Holy Grail"
"movie_fav_movie", "Dersu Uzala"
"movie_fav_movie", "The Sting"
"movie_fav_movie", "A Clockwork Orange"
"movie_fav_movie", "2001 A Space Odyssey"
"movie_fav_movie", "For a Few Dollars More"
"movie_fav_movie", "Red Beard"
"movie_fav_movie", "To Kill a Mockingbird"
"movie_fav_movie", "Lawrence of Arabia"
"movie_fav_movie", "Yojimbo"
"movie_fav_movie", "Rocco and His Brothers"
"movie_fav_movie", "The Apartment"
"movie_fav_movie", "North by Northwest"
"movie_fav_movie", "Vertigo"
"movie_fav_movie", "The Cranes Are Flying"
"movie_fav_movie", "Singin' in the Rain"
"movie_fav_movie", "Ikiru"
"movie_fav_movie", "Rashomon"
"movie_fav_movie", "The Young and the Damned"
"movie_fav_movie", "All About Eve"
"movie_fav_movie", "Late Spring"
"movie_fav_movie", "The Red Shoes"
"movie_fav_movie", "Bicycle Thieves"
"movie_fav_movie", "Children of Paradise"
"movie_fav_movie", "Double Indemnity"
"movie_fav_movie", "Citizen Kane"
"movie_fav_movie", "M"
"movie_fav_movie", "Metropolis"
"movie_fav_movie", "The Kid"
"movie_fav_movie", "Free Solo"
"movie_fav_movie", "The Wild Pear Tree"
"movie_fav_movie", "13th"
"movie_fav_movie", "Pink"
"movie_fav_movie", "A Silent Voice"
"movie_fav_movie", "Three Billboards Outside Ebbing
"movie_fav_movie", "Talvar"
"movie_fav_movie", "The Blue Elephant"
"movie_fav_movie", "Queen"
"movie_fav_movie", "Room"
"movie_fav_movie", "Tangerines"
"movie_fav_movie", "Winter Sleep"
"movie_fav_movie", "Miracle in Cell Number 7"
"movie_fav_movie", "The Act of Killing"
"movie_fav_movie", "Bhaag Milkha Bhaag"
"movie_fav_movie", "PK"
"movie_fav_movie", "OMG Oh My God!"
"movie_fav_movie", "Searching for Sugar Man"
"movie_fav_movie", "Inside Out"
"movie_fav_movie", "Gangs of Wasseypur"
"movie_fav_movie", "Zeitgeist Moving Forward"
"movie_fav_movie", "Udaan"
"movie_fav_movie", "Paan Singh Tomar"
"movie_fav_movie", "The Secret in Their Eyes"
"movie_fav_movie", "Warrior"
"movie_fav_movie", "A Wednesday"
"movie_fav_movie", "Up"
"movie_fav_movie", "The Wolf of Wall Street"
"movie_fav_movie", "Chak de! India"
"movie_fav_movie", "There Will Be Blood"
"movie_fav_movie", "Pan's Labyrinth"
"movie_fav_movie", "V for Vendetta"
"movie_fav_movie", "A Moment to Remember"
"movie_fav_movie", "Pardon"
"movie_fav_movie", "Rang De Basanti"
"movie_fav_movie", "Anniyan"
"movie_fav_movie", "Black"
"movie_fav_movie", "Munna Bhai M.B.B.S."
"movie_fav_movie", "Batman Begins"
"movie_fav_movie", "Downfall"
"movie_fav_movie", "Howl's Moving Castle"
"movie_fav_movie", "The Fog of War Eleven Lessons from the Life of Robert S. McNamara"
"movie_fav_movie", "A Beautiful Mind"
"movie_fav_movie", "Everything's Gonna Be Great"
"movie_fav_movie", "Werckmeister Harmonies"
"movie_fav_movie", "Fraud Business"
"movie_fav_movie", "Sarfarosh"
"movie_fav_movie", "Satya"
"movie_fav_movie", "The Color of Paradise"
"movie_fav_movie", "Neon Genesis Evangelion The End of Evangelion"
"movie_fav_movie", "Lock
"movie_fav_movie", "Trainspotting"